Country me,Country Code,2014,2015,2016,2017,2018
Aruba,ABW,0,0,0,0,0
Afghanistan,AFG,0.003168919,0.00107623,0.000811349,0.001213054,0.001830158
Angola,AGO,23.0454506,10.29488886,10.19739954,15.44385904,25.61992433
Albania,ALB,3.006699181,1.352409002,0.855038484,1.367728601,1.947653983
United Arab Emirates,ARE,23.0413938,13.12242612,10.82636575,13.04602768,16.58907748
Argenti,ARG,2.137436454,0.736965842,0.545772989,0.727117825,1.384393127
Armenia,ARM,0,0,0,0,0
Antigua and Barbuda,ATG,0,0,0,0,0
Australia,AUS,0.534585681,0.20670982,0.172258565,0.210423774,0.315085296
Austria,AUT,0.069364473,0.032460639,0.023329694,0.031454502,0.043067914
Azerbaijan,AZE,20.46458766,12.0366039,13.17439241,17.81643199,25.27826101
Burundi,BDI,0,0,0,0,0
Belgium,BEL,0,0,0,0,0
Benin,BEN,0,0.057611554,0.053862533,0.096698547,0.130674288
Burki Faso,BFA,0,0,0,0,0
Bangladesh,BGD,0.094219331,0.02924977,0.013968103,0.017392896,0.026173792
Bulgaria,BGR,0.03152327,0.01043978,0.006722145,0.008182274,0.010367553
Bahrain,BHR,4.575324836,2.444977756,1.811215758,2.013304751,2.31334993
"Bahamas, The",BHS,0,0,0,0,0
Bosnia and Herzegovi,BIH,0,0,0,0,0
Belarus,BLR,0.743191445,0.42067441,0.384440753,0.512836729,0.559725988
Belize,BLZ,2.136587604,0.664418576,0.411530016,0.57234849,0.750505925
Bermuda,BMU,,,,,0
Bolivia,BOL,3.783283188,1.176927031,0.778382814,1.114762827,1.534543759
Brazil,BRA,1.838616659,1.071437119,0.819626883,1.23883808,2.070151557
Barbados,BRB,0.374616901,0.09799543,0.04752588,0.051796423,0.053021101
Brunei Darussalam,BRN,14.8606266,7.7316106,6.878404648,8.830198213,11.68516976
Bhutan,BTN,0,0,0,0,0
Botswa,BWA,0,0,0,0,0
Central African Republic,CAF,0,0,0,0,0
Cada,CAN,1.237379835,0.038191728,0.471337475,0.893714316,1.764450401
Switzerland,CHE,0,0,0,0,0
Chile,CHL,0.049999271,0.015163399,0.009034367,0.011370357,0.014341412
Chi,CHN,0.898624734,0.337199481,0.255505191,0.331974385,0.431876263
Cote d'Ivoire,CIV,1.075512142,0.395315219,0.402698687,0.897904723,1.073532827
Cameroon,CMR,4.365785791,2.143778766,1.693709765,2.533212452,3.137319248
"Congo, Dem. Rep.",COD,1.566173464,0.39880676,0.317684389,0.565558397,0.626901822
"Republic of Congo",COG,35.25598224,18.39280107,15.1570883,34.00222672,49.96261309
Colombia,COL,5.245392944,2.712069872,1.82797992,2.658130186,3.962759255
Cabo Verde,CPV,0,0,0,0,0
Costa Rica,CRI,0,0,0,0,0
Caribbean small states,CSS,2.730456867,1.061257008,0.755000076,1.213171532,1.611558398
Cuba,CUB,1.333783483,0.439099371,0.225040249,0.267932622,0.265007087
Curacao,CUW,0,0,0,0,0
Cayman Islands,CYM,0,0,0,0,0
Cyprus,CYP,0,0,0,0,0
Czech Republic,CZE,0.026079955,0.010419261,0.007269836,0.009346613,0.013598307
Germany,DEU,0.022653124,0.010924469,0.008241503,0.011300739,0.015803979
Djibouti,DJI,0,0,0,0,0
Dominica,DMA,0,0,0,0,0
Denmark,DNK,0.847678964,0.389160749,0.270988808,0.384000341,0.475181254
Dominican Republic,DOM,0,0,0,0,0
Algeria,DZA,20.49415889,12.84706619,10.04384153,12.36184945,15.77386232
Ecuador,ECU,11.00890535,4.329274975,3.155361124,4.928036513,7.254417858
"Egypt, Arab Rep.",EGY,6.765522982,2.961820416,2.259530013,4.070921237,5.280486388
Eritrea,ERI,,,,,0
Spain,ESP,0.00803472,0.002952653,0.001392156,0.001719161,0.002381532
Estonia,EST,0.577192211,0.282195208,0.210380746,0.268254006,0.352661529
Ethiopia,ETH,0,0,0,0,0
European Union,EUU,0.063027853,0.029289838,0.020030875,0.028611347,0.041328384
Finland,FIN,0,0,0,0,0
Fiji,FJI,0,0,0,0,0
France,FRA,0.009704059,0.005208218,0.003997689,0.005457792,0.008319545
Gabon,GAB,24.27641713,9.970062274,9.0042399,15.38935802,20.34564161
United Kingdom,GBR,0.457130075,0.240220164,0.213203985,0.319521147,0.517195198
Georgia,GEO,0.101147448,0.105370709,0.097585023,0.137386449,0.20214885
Gha,GHA,3.931363048,1.416749303,1.070992272,2.956766173,4.618709803
Guinea,GIN,0,0,0,0,0
"Gambia, The",GMB,0,0,0,0,0
Guinea-Bissau,GNB,0,0,0,0,0
Equatorial Guinea,GNQ,25.6333052,13.46796372,12.11253692,19.33225045,25.13497439
Greece,GRC,0.009756114,0.004796238,0.010928418,0.012993847,0.028600333
Greda,GRD,0,0,0,0,0
Guatemala,GTM,0.362711709,0.127778473,0.079526928,0.130683315,0.198443237
Guam,GUM,0,0,0,0,0
Guya,GUY,0,0,0,0,0
Honduras,HND,0,0,0,0,0
Croatia,HRV,0.341680835,0.191986556,0.160565636,0.232720164,0.335997275
Haiti,HTI,0,0,0,0,0
Hungary,HUN,0.150125436,0.076083132,0.067689095,0.094280027,0.154225735
Indonesia,IDN,2.00503511,0.804086843,0.648555402,0.836985691,1.16861817
India,IND,0.925942274,0.353606122,0.234729325,0.321649688,0.454268524
Ireland,IRL,0,0,0,0,0
"Iran, Islamic Rep.",IRN,22.43062847,12.84152877,11.46891325,15.6460774,
Iraq,IRQ,45.40569746,34.79047854,30.46504236,37.12075652,45.39493122
Iceland,ISL,0,0,0,0,0
Israel,ISR,0.003887669,0.001941064,0.001457628,0.00174972,0.002291651
Italy,ITA,0.096475972,0.045311862,0.024207848,0.039413682,0.069449813
Jamaica,JAM,0,0,0,0,0
Jordan,JOR,0.001868673,0.000862916,0.000669082,0.000856492,0.001134393
Japan,JPN,0.003794136,0.002049635,0.001495002,0.002038586,0.002276748
Kazakhstan,KAZ,13.60281884,6.735618219,7.130935728,9.959015386,15.56288161
Kenya,KEN,0,0,0,0,0.005298541
Kyrgyz Republic,KGZ,0.293838075,0.12051946,0.083502247,0.101514769,0.135815962
Cambodia,KHM,0,0,0,0,0
"Korea, Rep.",KOR,0.001188383,0.000275444,0.000170631,0.002179427,0.002396662
Kuwait,KWT,54.39073743,37.23319122,32.09603811,35.50598068,42.45690744
Lao PDR,LAO,0,0,0,0,0
Lebanon,LBN,0,0,0,0,0
Liberia,LBR,0,0,0,0,0
Libya,LBY,39.37352296,25.99407742,21.01043409,37.52236764,42.42871324
St. Lucia,LCA,0,0,0,0,0
Latin America & Caribbean,LCN,2.995551167,1.111672839,0.81159788,1.182701775,1.841255215
Sri Lanka,LKA,0,0,0,0,0
Lesotho,LSO,0,0,0,0,0
Lithuania,LTU,0.073879591,0.031936642,0.020670251,0.025412997,0.03355675
Luxembourg,LUX,0,0,0,0,0
Latvia,LVA,0,0,0,0,0
Morocco,MAR,0.033668584,0.012774369,0.007322035,0.006830614,0.006610873
Moldova,MDA,0.030415386,0.013614209,0.008925402,0.00957018,0.013091061
Madagascar,MDG,0.154693042,0.071564686,0.060141154,0.102257669,0.144544882
Maldives,MDV,0,0,0,0,0
Mexico,MEX,3.890149618,1.597485845,1.215404223,1.706996529,2.357417556
North Macedonia,MKD,0,0,0,0,0
Mali,MLI,0,0,0,0,0
Malta,MLT,0,0,0,0,0
Myanmar,MMR,0.7465034,0.206004679,0.131614734,0.170279614,0.165002881
Montenegro,MNE,0,0,0,0,0
Mongolia,MNG,3.683961018,1.709894143,1.504976848,1.86260727,2.430041407
Mozambique,MOZ,0.128607969,0.053918538,0.066399322,0.096505555,0.10064222
Mauritania,MRT,1.669499896,0.554027482,0.426977482,0.6024317,0
Mauritius,MUS,0,0,0,0,0
Malawi,MWI,0,0,0,0,0
Malaysia,MYS,3.906449305,1.878770016,1.591866545,2.203567333,2.92934413
mibia,M,0,0,0,0,0
Niger,NER,3.160004275,0.973444101,0.976504747,1.36269495,1.381539606
Nigeria,NGA,8.042151334,2.992006443,2.81228219,6.123562626,9.025344222
Nicaragua,NIC,0,0,0,0,0
Netherlands,NLD,0.061844443,0.027742591,0.014805793,0.021332193,0.030050189
Norway,NOR,5.627967482,3.142470375,2.696296,3.756423251,5.240477667
Nepal,NPL,0,0,0,0,0
uru,NRU,0,0,0,0,0
New Zealand,NZL,0.434940706,0.198905964,0.132665952,0.159430061,0.198910155
Oman,OMN,35.9120177,21.40319676,18.2846761,21.7903309,26.85557848
Pakistan,PAK,0.952647471,0.313562781,0.231590731,0.340958152,0.478416625
Pama,PAN,0,0,0,0,0
Peru,PER,0.735723596,0.255110712,0.124745268,0.20304929,0.305571781
Philippines,PHL,0.152680668,0.047782986,0.0374394,0.048816537,0.065662196
Papua New Guinea,PNG,4.744295179,2.294520187,1.938417593,2.362352761,3.032256258
Poland,POL,0.062668482,0.029400671,0.025627475,0.035167181,0.051762759
Puerto Rico,PRI,0,0,0,0,0
Portugal,PRT,0,0,0,0,0
Paraguay,PRY,0,0,0,0,0
Qatar,QAT,23.00490567,13.82040559,11.75252177,14.24159887,16.58586112
Romania,ROU,0.730445561,0.339690919,0.241387652,0.318040425,0.443535689
Russian Federation,RUS,9.192054684,5.919344846,5.169628132,6.455583819,10.0008161
Rwanda,RWA,0,0,0,0,0
South Asia,SAS,0.82780986,0.309353197,0.2074223,0.287372986,0.403487886
Saudi Arabia,SAU,39.99973084,23.27172283,19.43573916,23.05397349,28.7128166
Sudan,SDN,3.517022324,0.980507882,1.213292121,2.605869741,6.381683716
Senegal,SEN,0,0,0,0,0
Singapore,SGP,0,0,0,0,0
Solomon Islands,SLB,0,0,0,0,0
Sierra Leone,SLE,0,0,0,0,0
El Salvador,SLV,0,0,0,0,0
Serbia,SRB,0.33084513,0.12815794,0.08002488,0.093840062,0.113395705
Sao Tome and Principe,STP,0,0,0,0,0
Surime,SUR,6.468635294,2.803942404,3.055756037,4.871486533,6.915235026
Slovak Republic,SVK,0.156499887,0.051236146,0.027669285,0.027232222,0.027352374
Slovenia,SVN,0.000179196,8.74E-05,6.74E-05,9.53E-05,0.000138791
Sweden,SWE,0,0,0,0,0
Eswatini,SWZ,0,0,0,0,0
Seychelles,SYC,0,0,0,0,0
Syrian Arab Republic,SYR,,,,,
Turks and Caicos Islands,TCA,0,0,0,0,0
Chad,TCD,15.86793779,7.550632367,6.78091476,15.01908495,20.14559332
Togo,TGO,0,0,0,0,0
Thailand,THA,1.344797147,0.56616623,0.469780333,0.590573462,0.756520667
Tajikistan,TJK,0.068739684,0.030178139,0.031433887,0.064837225,0.121098437
Turkmenistan,TKM,8.933230134,5.095879455,3.713522077,5.024592129,7.045760811
Latin America & the Caribbean (IDA & IBRD countries),TLA,3.081134456,1.15432846,0.846153689,1.229895607,1.917919209
Timor-Leste,TLS,,,21.36771082,26.65240852,33.41307888
Middle East & North Africa (IDA & IBRD countries),TMN,19.11999898,11.08050872,9.494812003,13.83708677,16.92848185
Tonga,TON,0,0,0,0,0
South Asia (IDA & IBRD),TSA,0.82780986,0.309353197,0.2074223,0.287372986,0.403487886
Sub-Saharan Africa (IDA & IBRD countries),TSS,5.916999992,2.19369673,1.889382133,3.480370019,4.995872282
Trinidad and Tobago,TTO,5.939570457,2.484104542,1.872044195,3.101580302,3.997840625
Tunisia,TUN,3.510508246,1.699586346,1.316412723,1.553457179,2.563398527
Turkey,TUR,0.095341733,0.044502889,0.036111068,0.055946998,0.111939014
Tuvalu,TUV,0,0,0,0,0
Tanzania,TZA,0,0,0,0,0
Uganda,UGA,0,0,0,0,0
Ukraine,UKR,0.543708136,0.297611367,0.207395436,0.243433683,0.321585975
Uruguay,URY,0,0,0,0,0
United States,USA,0.308606064,0.008301462,0.092414588,0.177408634,0.376622096
Uzbekistan,UZB,1.505868038,0.55451918,0.389552072,0.721003763,1.453558795
St. Vincent and the Gredines,VCT,0,0,0,0,0
"Venezuela, RB",VEN,9.832438664,,,,
Virgin Islands (U.S.),VIR,0,0,0,0,0
Vietm,VNM,3.567224655,1.515276886,1.067259048,1.271712223,1.614026669
Samoa,WSM,0,0,0,0,0
Kosovo,XKX,0,0,0,0,0
"Yemen, Rep.",YEM,8.928060687,1.920925819,0.919662113,0.79111308,2.645542281
South Africa,ZAF,0.010664858,0.005102447,0.005149664,0.00579581,0.005590851
Zambia,ZMB,0,0,0,0,0
Zimbabwe,ZWE,0,0,0,0,0
